Key,repo,Path extension,Priority,Group,Repo Name,size,size_gb,folder,In Glacier,Size in Glacier,STATUS,Notes
0047_add_ms_11639,0047,,,A,British Library,5277669,5.033,add_ms_11639,,,,
0047_add_ms_15402,0047,,,B,British Library,171775,0.164,add_ms_15402,,,,
0047_add_ms_10456,0047,,,C,British Library,1677536,1.6,add_ms_10456,,,,
0047_add_ms_11657,0047,,,A,British Library,3595642,3.429,add_ms_11657,,,,
0047_add_ms_11830,0047,,,B,British Library,1435571,1.369,add_ms_11830,,,,
0047_add_ms_14760,0047,,,C,British Library,3560857,3.396,add_ms_14760,,,,
0047_add_ms_14761,0047,,,A,British Library,1223218,1.167,add_ms_14761,,,,
0047_add_ms_11828,0047,,,B,British Library,234054,0.223,add_ms_11828,,,,
0047_add_ms_11829,0047,,,C,British Library,116728,0.111,add_ms_11829,,,,
0047_add_ms_11831,0047,,,A,British Library,45701,0.044,add_ms_11831,,,,
0047_add_ms_11833,0047,,,B,British Library,46602,0.044,add_ms_11833,,,,
0047_add_ms_11834,0047,,,C,British Library,39041,0.037,add_ms_11834,,,,
0047_add_ms_14762,0047,,,A,British Library,516889,0.493,add_ms_14762,,,,
0047_add_ms_15250,0047,,,B,British Library,3909138,3.728,add_ms_15250,,,,
0047_add_ms_15251,0047,,,C,British Library,4536801,4.327,add_ms_15251,,,,
0047_add_ms_15252,0047,,,A,British Library,5427683,5.176,add_ms_15252,,,,
0047_add_ms_15282,0047,,,B,British Library,4518559,4.309,add_ms_15282,,,,
0047_add_ms_15283,0047,,,C,British Library,2779249,2.65,add_ms_15283,,,,
0047_add_ms_15306,0047,,,A,British Library,1724363,1.644,add_ms_15306,,,,
0047_add_ms_15423,0047,,,B,British Library,1226939,1.17,add_ms_15423,,,,
0047_add_ms_15451,0047,,,C,British Library,5527372,5.271,add_ms_15451,,,,
0047_add_ms_16577,0047,,,A,British Library,2497220,2.382,add_ms_16577,,,,
0047_add_ms_16916,0047,,,B,British Library,1456326,1.389,add_ms_16916,,,,
0047_add_ms_17050,0047,,,C,British Library,4788372,4.567,add_ms_17050,,,,
0047_add_ms_17052,0047,,,A,British Library,1672556,1.595,add_ms_17052,,,,
0047_add_ms_17055,0047,,,B,British Library,1787880,1.705,add_ms_17055,,,,
0047_add_ms_17058,0047,,,C,British Library,2259776,2.155,add_ms_17058,,,,
0047_add_ms_18229,0047,,,A,British Library,1850662,1.765,add_ms_18229,,,,
0047_add_ms_18230,0047,,,B,British Library,2075063,1.979,add_ms_18230,,,,
0047_add_ms_18691,0047,,,C,British Library,2606964,2.486,add_ms_18691,,,,
0047_add_ms_18692,0047,,,A,British Library,2661796,2.538,add_ms_18692,,,,
0047_add_ms_18830,0047,,,B,British Library,801322,0.764,add_ms_18830,,,,
0047_add_ms_18832,0047,,,C,British Library,393333,0.375,add_ms_18832,,,,
0047_add_ms_18968,0047,,,A,British Library,2587078,2.467,add_ms_18968,,,,
0047_add_ms_19064,0047,,,B,British Library,2161878,2.062,add_ms_19064,,,,
0047_add_ms_19250,0047,,,C,British Library,567454,0.541,add_ms_19250,,,,
0047_add_ms_19342,0047,,,A,British Library,249456,0.238,add_ms_19342,,,,
0047_add_ms_19653,0047,,,B,British Library,2428254,2.316,add_ms_19653,,,,
0047_add_ms_19664,0047,,,C,British Library,865242,0.825,add_ms_19664,,,,
0047_add_ms_19665,0047,,,A,British Library,1975667,1.884,add_ms_19665,,,,
0047_add_ms_19666,0047,,,B,British Library,2363952,2.254,add_ms_19666,,,,
0047_add_ms_19944,0047,,,C,British Library,1868469,1.782,add_ms_19944,,,,
0047_add_ms_21160,0047,,,A,British Library,3862829,3.684,add_ms_21160,,,,
0047_add_ms_21161,0047,,,B,British Library,2719624,2.594,add_ms_21161,,,,
0047_add_ms_22069,0047,,,C,British Library,1764205,1.682,add_ms_22069,,,,
0047_add_ms_22122,0047,,,A,British Library,1933647,1.844,add_ms_22122,,,,
0047_add_ms_25717,0047,,,B,British Library,1760856,1.679,add_ms_25717,,,,
0047_add_ms_26878,0047,,,C,British Library,3757970,3.584,add_ms_26878,,,,
0047_add_ms_26879,0047,,,A,British Library,4880025,4.654,add_ms_26879,,,,
0047_add_ms_26896,0047,,,B,British Library,4092691,3.903,add_ms_26896,,,,
0047_add_ch_1250,0047,,,C,British Library,15365,0.015,add_ch_1250,,,,
0047_add_ch_1251,0047,,,A,British Library,14077,0.013,add_ch_1251,,,,
0047_add_ch_16174,0047,,,B,British Library,12192,0.012,add_ch_16174,,,,
0047_add_ch_16384,0047,,,C,British Library,12816,0.012,add_ch_16384,,,,
0047_add_ch_71355,0047,,,A,British Library,15960,0.015,add_ch_71355,,,,
0047_add_ms_11433,0047,,,B,British Library,405337,0.387,add_ms_11433,,,,
0047_add_ms_16406,0047,,,C,British Library,3840225,3.662,add_ms_16406,,,,
0047_add_ms_18689,0047,,,A,British Library,1039412,0.991,add_ms_18689,,,,
0047_add_ms_18969,0047,,,B,British Library,1391445,1.327,add_ms_18969,,,,
0047_add_ms_19945,0047,,,C,British Library,1533399,1.462,add_ms_19945,,,,
0047_add_ms_26897,0047,,,A,British Library,3503285,3.341,add_ms_26897,,,,
0047_add_ms_17049,0047,,,B,British Library,2303046,2.196,add_ms_17049,,,,
0047_add_ms_17053,0047,,,C,British Library,2580922,2.461,add_ms_17053,,,,
0047_add_ms_27136,0047,,,A,British Library,2301340,2.195,add_ms_27136,,,,
0047_add_ms_27130,0047,,,B,British Library,1250991,1.193,add_ms_27130,,,,
0047_add_ms_27126,0047,,,C,British Library,2564329,2.446,add_ms_27126,,,,
0047_add_ms_27086,0047,,,A,British Library,2481566,2.367,add_ms_27086,,,,
0047_add_ms_27083,0047,,,B,British Library,323710,0.309,add_ms_27083,,,,
0047_add_ms_27031,0047,,,C,British Library,2157236,2.057,add_ms_27031,,,,
0047_add_ms_27023,0047,,,A,British Library,432002,0.412,add_ms_27023,,,,
0047_add_ms_27017,0047,,,B,British Library,195133,0.186,add_ms_27017,,,,
0047_add_ms_27016,0047,,,C,British Library,673618,0.642,add_ms_27016,,,,
0047_add_ms_27005,0047,,,A,British Library,1090561,1.04,add_ms_27005,,,,
0047_add_ms_27003,0047,,,B,British Library,1544209,1.473,add_ms_27003,,,,
0047_add_ms_26995,0047,,,C,British Library,851448,0.812,add_ms_26995,,,,
0047_add_ms_26980,0047,,,A,British Library,1334803,1.273,add_ms_26980,,,,
0047_add_ms_26962,0047,,,B,British Library,99158,0.095,add_ms_26962,,,,
0047_add_ms_26954,0047,,,C,British Library,2569612,2.451,add_ms_26954,,,,
0047_lansdowne_ch_666,0047,,,A,British Library,13902,0.013,lansdowne_ch_666,,,,
0047_lansdowne_ch_30,0047,,,B,British Library,19781,0.019,lansdowne_ch_30,,,,
0047_harley_ms_5239,0047,,,C,British Library,1498679,1.429,harley_ms_5239,,,,
0047_harley_ms_5521,0047,,,A,British Library,632663,0.603,harley_ms_5521,,,,
0047_harley_ch_77_d_40,0047,,,B,British Library,5915,0.006,harley_ch_77_d_40,,,,
0047_harley_ch_43_a_69,0047,,,C,British Library,16133,0.015,harley_ch_43_a_69,,,,
0047_harley_ch_43_a_68,0047,,,A,British Library,7296,0.007,harley_ch_43_a_68,,,,
0047_harley_ch_43_a_67_b,0047,,,B,British Library,12166,0.012,harley_ch_43_a_67_b,,,,
0047_harley_ch_43_a_67_a,0047,,,C,British Library,13225,0.013,harley_ch_43_a_67_a,,,,
0047_harley_ch_43_a_66_c,0047,,,A,British Library,6144,0.006,harley_ch_43_a_66_c,,,,
0047_harley_ch_43_a_66_b,0047,,,B,British Library,5550,0.005,harley_ch_43_a_66_b,,,,
0047_harley_ch_43_a_66_a,0047,,,C,British Library,7451,0.007,harley_ch_43_a_66_a,,,,
0047_harley_ch_43_a_65_b,0047,,,A,British Library,12457,0.012,harley_ch_43_a_65_b,,,,
0047_harley_ch_43_a_65_a,0047,,,B,British Library,19013,0.018,harley_ch_43_a_65_a,,,,
0047_harley_ch_43_a_64_b,0047,,,C,British Library,7698,0.007,harley_ch_43_a_64_b,,,,
0047_harley_ch_43_a_63_b,0047,,,A,British Library,4297,0.004,harley_ch_43_a_63_b,,,,
0047_harley_ch_43_a_62_b,0047,,,B,British Library,4434,0.004,harley_ch_43_a_62_b,,,,
0047_harley_ch_43_a_61_b,0047,,,C,British Library,15101,0.014,harley_ch_43_a_61_b,,,,
0047_harley_ch_43_a_60_b,0047,,,A,British Library,5714,0.005,harley_ch_43_a_60_b,,,,
0047_harley_ch_43_a_60_a,0047,,,B,British Library,17605,0.017,harley_ch_43_a_60_a,,,,
0047_harley_ch_43_a_59_b,0047,,,C,British Library,6308,0.006,harley_ch_43_a_59_b,,,,
0047_harley_ch_43_a_59_a,0047,,,A,British Library,6564,0.006,harley_ch_43_a_59_a,,,,
0047_harley_ch_43_a_58,0047,,,B,British Library,10700,0.01,harley_ch_43_a_58,,,,
0047_harley_ch_43_a_57,0047,,,C,British Library,13802,0.013,harley_ch_43_a_57,,,,
0047_harley_ch_43_a_56,0047,,,A,British Library,19617,0.019,harley_ch_43_a_56,,,,
0047_cotton_ms_augustus_ii_107_a,0047,,,B,British Library,3702,0.004,cotton_ms_augustus_ii_107_a,,,,
0047_cotton_ch_xxvi_29,0047,,,C,British Library,9577,0.009,cotton_ch_xxvi_29,,,,
0047_cotton_ch_nero_c_iii_195a,0047,,,A,British Library,6839,0.007,cotton_ch_nero_c_iii_195a,,,,
0047_cotton_ch_nero_c_iii_194a,0047,,,B,British Library,5796,0.006,cotton_ch_nero_c_iii_194a,,,,
0047_cotton_ch_nero_c_iii_194,0047,,,C,British Library,5897,0.006,cotton_ch_nero_c_iii_194,,,,
0047_add_ms_26949,0047,,,A,British Library,2362308,2.253,add_ms_26949,,,,
0047_add_ms_26943,0047,,,B,British Library,516604,0.493,add_ms_26943,,,,
0047_add_ms_26936,0047,,,C,British Library,522082,0.498,add_ms_26936,,,,
0047_add_ms_26915,0047,,,A,British Library,1232552,1.175,add_ms_26915,,,,
0047_add_ms_26883,0047,,,B,British Library,12846,0.012,add_ms_26883,,,,
0047_add_ms_22092,0047,,,C,British Library,1265126,1.207,add_ms_22092,,,,
0047_add_ms_20747,0047,,,A,British Library,238184,0.227,add_ms_20747,,,,
0047_add_ms_19893,0047,,,B,British Library,806816,0.769,add_ms_19893,,,,
0047_add_ms_18970,0047,,,C,British Library,1041819,0.994,add_ms_18970,,,,
0047_add_ms_19776,0047,,,A,British Library,2396396,2.285,add_ms_19776,,,,
0047_add_ms_18694,0047,,,B,British Library,2663800,2.54,add_ms_18694,,,,
0047_add_ms_18688,0047,,,C,British Library,2576584,2.457,add_ms_18688,,,,
0047_add_ms_18686,0047,,,A,British Library,503101,0.48,add_ms_18686,,,,
0047_add_ms_17867,0047,,,B,British Library,1767583,1.686,add_ms_17867,,,,
0047_or_11625,0047,,,C,British Library,55511,0.053,or_11625,,,,
0047_add_ms_17745,0047,,,A,British Library,1096955,1.046,add_ms_17745,,,,
0047_harley_ch_43_a_54,0047,,,B,British Library,12254,0.012,harley_ch_43_a_54,,,,
0043_ms_494_9_t84,0043,,,C,American Philosophical Society,4982094,4.751,ms_494_9_t84,,,,
0013_973_781_Sn62_v01,0013,,,A,"State Library of Pennsylvania, Rare Collections Library",2611697,2.491,973_781_Sn62_v01,,,,
0013_973_781_Sn62_v02,0013,,,B,"State Library of Pennsylvania, Rare Collections Library",2123136,2.025,973_781_Sn62_v02,,,,
0013_973_781_Sn62_v03,0013,,,C,"State Library of Pennsylvania, Rare Collections Library",2013959,1.921,973_781_Sn62_v03,,,,
0013_973_781_Sn62_v04,0013,,,A,"State Library of Pennsylvania, Rare Collections Library",359412,0.343,973_781_Sn62_v04,,,,
0012_rush_mss_volume_281,0012,,,B,The Library Company of Philadelphia,6831006,6.515,rush_mss_volume_281,,,,
0012_rush_mss_volume_135,0012,,,C,The Library Company of Philadelphia,41040686,39.139,rush_mss_volume_135,,,,
0012_rush_mss_volume_110,0012,,,A,The Library Company of Philadelphia,11623671,11.085,rush_mss_volume_110,,,,
0012_rush_mss_volume_111,0012,,,B,The Library Company of Philadelphia,7406568,7.063,rush_mss_volume_111,,,,
0012_rush_mss_volume_112,0012,,,C,The Library Company of Philadelphia,3533607,3.37,rush_mss_volume_112,,,,
0012_rush_mss_volume_113,0012,,,A,The Library Company of Philadelphia,7972180,7.603,rush_mss_volume_113,,,,
0012_rush_mss_volume_114,0012,,,B,The Library Company of Philadelphia,6469719,6.17,rush_mss_volume_114,,,,
0012_rush_mss_volume_115,0012,,,C,The Library Company of Philadelphia,6722023,6.411,rush_mss_volume_115,,,,
0012_rush_mss_volume_116,0012,,,A,The Library Company of Philadelphia,7687943,7.332,rush_mss_volume_116,,,,
0012_rush_mss_volume_117,0012,,,B,The Library Company of Philadelphia,6825270,6.509,rush_mss_volume_117,,,,
0012_rush_mss_volume_118,0012,,,C,The Library Company of Philadelphia,7408227,7.065,rush_mss_volume_118,,,,
0012_rush_mss_volume_119,0012,,,A,The Library Company of Philadelphia,5700598,5.437,rush_mss_volume_119,,,,
0012_rush_mss_volume_120,0012,,,B,The Library Company of Philadelphia,6589011,6.284,rush_mss_volume_120,,,,
0012_rush_mss_volume_121,0012,,,C,The Library Company of Philadelphia,6557100,6.253,rush_mss_volume_121,,,,
0012_rush_mss_volume_122,0012,,,A,The Library Company of Philadelphia,6698119,6.388,rush_mss_volume_122,,,,
0012_rush_mss_volume_123,0012,,,B,The Library Company of Philadelphia,10073583,9.607,rush_mss_volume_123,,,,
0012_rush_mss_volume_124,0012,,,C,The Library Company of Philadelphia,6148909,5.864,rush_mss_volume_124,,,,
0012_rush_mss_volume_125,0012,,,A,The Library Company of Philadelphia,6889191,6.57,rush_mss_volume_125,,,,
0012_rush_mss_volume_126,0012,,,B,The Library Company of Philadelphia,5487158,5.233,rush_mss_volume_126,,,,
0012_rush_mss_volume_127,0012,,,C,The Library Company of Philadelphia,5526276,5.27,rush_mss_volume_127,,,,
0012_rush_mss_volume_128,0012,,,A,The Library Company of Philadelphia,8013194,7.642,rush_mss_volume_128,,,,
0012_rush_mss_volume_129,0012,,,B,The Library Company of Philadelphia,10759654,10.261,rush_mss_volume_129,,,,
0012_rush_mss_volume_130,0012,,,C,The Library Company of Philadelphia,4369040,4.167,rush_mss_volume_130,,,,
0012_rush_mss_volume_131,0012,,,A,The Library Company of Philadelphia,6610784,6.305,rush_mss_volume_131,,,,
0012_rush_mss_volume_132,0012,,,B,The Library Company of Philadelphia,6135251,5.851,rush_mss_volume_132,,,,
0012_rush_mss_volume_133,0012,,,C,The Library Company of Philadelphia,9819521,9.365,rush_mss_volume_133,,,,
0012_rush_mss_volume_134,0012,,,A,The Library Company of Philadelphia,3600808,3.434,rush_mss_volume_134,,,,
0012_rush_mss_volume_136,0012,,,B,The Library Company of Philadelphia,2378735,2.269,rush_mss_volume_136,,,,
0012_rush_mss_volume_137,0012,,,C,The Library Company of Philadelphia,3479044,3.318,rush_mss_volume_137,,,,
0012_rush_mss_volume_138,0012,,,A,The Library Company of Philadelphia,4220938,4.025,rush_mss_volume_138,,,,
0012_rush_mss_volume_139,0012,,,B,The Library Company of Philadelphia,3430027,3.271,rush_mss_volume_139,,,,
0012_rush_mss_volume_140,0012,,,C,The Library Company of Philadelphia,2521409,2.405,rush_mss_volume_140,,,,
0012_rush_mss_volume_141,0012,,,A,The Library Company of Philadelphia,3742415,3.569,rush_mss_volume_141,,,,
0012_rush_mss_volume_142,0012,,,B,The Library Company of Philadelphia,1469220,1.401,rush_mss_volume_142,,,,
0012_rush_mss_volume_143,0012,,,C,The Library Company of Philadelphia,4875445,4.65,rush_mss_volume_143,,,,
0012_rush_mss_volume_144,0012,,,A,The Library Company of Philadelphia,4567769,4.356,rush_mss_volume_144,,,,
0012_rush_mss_volume_145,0012,,,B,The Library Company of Philadelphia,1713369,1.634,rush_mss_volume_145,,,,
0012_rush_mss_volume_146,0012,,,C,The Library Company of Philadelphia,1699102,1.62,rush_mss_volume_146,,,,
0012_rush_mss_volume_147,0012,,,A,The Library Company of Philadelphia,4051435,3.864,rush_mss_volume_147,,,,
0012_rush_mss_volume_148,0012,,,B,The Library Company of Philadelphia,6914134,6.594,rush_mss_volume_148,,,,
0012_rush_mss_volume_149,0012,,,C,The Library Company of Philadelphia,1915172,1.826,rush_mss_volume_149,,,,
0012_rush_mss_volume_150,0012,,,A,The Library Company of Philadelphia,4632358,4.418,rush_mss_volume_150,,,,
0012_rush_mss_volume_151,0012,,,B,The Library Company of Philadelphia,6335488,6.042,rush_mss_volume_151,,,,
0012_rush_mss_volume_156,0012,,,C,The Library Company of Philadelphia,4516966,4.308,rush_mss_volume_156,,,,
0012_rush_mss_volume_152,0012,,,A,The Library Company of Philadelphia,6575398,6.271,rush_mss_volume_152,,,,
0012_rush_mss_volume_153,0012,,,B,The Library Company of Philadelphia,6510621,6.209,rush_mss_volume_153,,,,
0012_rush_mss_volume_154,0012,,,C,The Library Company of Philadelphia,6224671,5.936,rush_mss_volume_154,,,,
0012_rush_mss_volume_155,0012,,,A,The Library Company of Philadelphia,6613534,6.307,rush_mss_volume_155,,,,
0012_rush_mss_volume_157,0012,,,B,The Library Company of Philadelphia,5602644,5.343,rush_mss_volume_157,,,,
0012_rush_mss_volume_158,0012,,,C,The Library Company of Philadelphia,8296958,7.913,rush_mss_volume_158,,,,
0012_rush_mss_volume_159,0012,,,A,The Library Company of Philadelphia,7119507,6.79,rush_mss_volume_159,,,,
0012_rush_mss_volume_160,0012,,,B,The Library Company of Philadelphia,6081227,5.8,rush_mss_volume_160,,,,
0012_rush_mss_volume_161,0012,,,C,The Library Company of Philadelphia,6969677,6.647,rush_mss_volume_161,,,,
0012_rush_mss_volume_162,0012,,,A,The Library Company of Philadelphia,5788482,5.52,rush_mss_volume_162,,,,
0012_rush_mss_volume_163,0012,,,B,The Library Company of Philadelphia,11655115,11.115,rush_mss_volume_163,,,,
0012_rush_mss_volume_164,0012,,,C,The Library Company of Philadelphia,6310692,6.018,rush_mss_volume_164,,,,
0012_rush_mss_volume_165,0012,,,A,The Library Company of Philadelphia,5401420,5.151,rush_mss_volume_165,,,,
0012_rush_mss_volume_166,0012,,,B,The Library Company of Philadelphia,6788849,6.474,rush_mss_volume_166,,,,
0012_rush_mss_volume_168,0012,,,C,The Library Company of Philadelphia,6032530,5.753,rush_mss_volume_168,,,,
0012_rush_mss_volume_169,0012,,,A,The Library Company of Philadelphia,3031320,2.891,rush_mss_volume_169,,,,
0012_rush_mss_volume_170,0012,,,B,The Library Company of Philadelphia,6333781,6.04,rush_mss_volume_170,,,,
0012_rush_mss_volume_171,0012,,,C,The Library Company of Philadelphia,4517088,4.308,rush_mss_volume_171,,,,
0012_rush_mss_volume_172,0012,,,A,The Library Company of Philadelphia,4495362,4.287,rush_mss_volume_172,,,,
0012_rush_mss_volume_175,0012,,,B,The Library Company of Philadelphia,6221052,5.933,rush_mss_volume_175,,,,
0012_rush_mss_volume_179,0012,,,C,The Library Company of Philadelphia,10807463,10.307,rush_mss_volume_179,,,,
0012_rush_mss_volume_180,0012,,,A,The Library Company of Philadelphia,7645070,7.291,rush_mss_volume_180,,,,
0012_rush_mss_volume_181,0012,,,B,The Library Company of Philadelphia,6906923,6.587,rush_mss_volume_181,,,,
0012_rush_mss_volume_182,0012,,,C,The Library Company of Philadelphia,2224362,2.121,rush_mss_volume_182,,,,
0012_rush_mss_volume_183,0012,,,A,The Library Company of Philadelphia,3175355,3.028,rush_mss_volume_183,,,,
0012_rush_mss_volume_184,0012,,,B,The Library Company of Philadelphia,6299988,6.008,rush_mss_volume_184,,,,
0012_rush_mss_volume_186,0012,,,C,The Library Company of Philadelphia,2899885,2.766,rush_mss_volume_186,,,,
0012_rush_mss_volume_187,0012,,,A,The Library Company of Philadelphia,2356748,2.248,rush_mss_volume_187,,,,
0012_rush_mss_volume_188,0012,,,B,The Library Company of Philadelphia,5048787,4.815,rush_mss_volume_188,,,,
0012_rush_mss_volume_189,0012,,,C,The Library Company of Philadelphia,6216063,5.928,rush_mss_volume_189,,,,
0012_rush_mss_volume_191,0012,,,A,The Library Company of Philadelphia,11936897,11.384,rush_mss_volume_191,,,,
0012_rush_mss_volume_192,0012,,,B,The Library Company of Philadelphia,4432625,4.227,rush_mss_volume_192,,,,
0012_rush_mss_volume_193,0012,,,C,The Library Company of Philadelphia,4177481,3.984,rush_mss_volume_193,,,,
0012_rush_mss_volume_194,0012,,,A,The Library Company of Philadelphia,955788,0.912,rush_mss_volume_194,,,,
0012_rush_mss_volume_195,0012,,,B,The Library Company of Philadelphia,5623480,5.363,rush_mss_volume_195,,,,
0012_rush_mss_volume_196,0012,,,C,The Library Company of Philadelphia,2362544,2.253,rush_mss_volume_196,,,,
0012_rush_mss_volume_197,0012,,,A,The Library Company of Philadelphia,1894459,1.807,rush_mss_volume_197,,,,
0012_rush_mss_volume_198,0012,,,B,The Library Company of Philadelphia,947726,0.904,rush_mss_volume_198,,,,
0012_rush_mss_volume_199,0012,,,C,The Library Company of Philadelphia,1735295,1.655,rush_mss_volume_199,,,,
0012_rush_mss_volume_200,0012,,,A,The Library Company of Philadelphia,5428312,5.177,rush_mss_volume_200,,,,
0012_rush_mss_volume_201,0012,,,B,The Library Company of Philadelphia,2333464,2.225,rush_mss_volume_201,,,,
0012_rush_mss_volume_202,0012,,,C,The Library Company of Philadelphia,1251103,1.193,rush_mss_volume_202,,,,
0012_rush_mss_volume_204,0012,,,A,The Library Company of Philadelphia,1699057,1.62,rush_mss_volume_204,,,,
0012_rush_mss_volume_205,0012,,,B,The Library Company of Philadelphia,1257841,1.2,rush_mss_volume_205,,,,
0012_rush_mss_volume_206,0012,,,C,The Library Company of Philadelphia,6480719,6.18,rush_mss_volume_206,,,,
0012_rush_mss_volume_207,0012,,,A,The Library Company of Philadelphia,2844506,2.713,rush_mss_volume_207,,,,
0012_rush_mss_volume_208,0012,,,B,The Library Company of Philadelphia,3709221,3.537,rush_mss_volume_208,,,,
0012_rush_mss_volume_209,0012,,,C,The Library Company of Philadelphia,3464086,3.304,rush_mss_volume_209,,,,
0012_rush_mss_volume_210,0012,,,A,The Library Company of Philadelphia,3465931,3.305,rush_mss_volume_210,,,,
0012_rush_mss_volume_211,0012,,,B,The Library Company of Philadelphia,3833055,3.655,rush_mss_volume_211,,,,
0012_rush_mss_volume_212,0012,,,C,The Library Company of Philadelphia,3489441,3.328,rush_mss_volume_212,,,,
0012_rush_mss_volume_213,0012,,,A,The Library Company of Philadelphia,5482817,5.229,rush_mss_volume_213,,,,
0012_rush_mss_volume_214,0012,,,B,The Library Company of Philadelphia,2261185,2.156,rush_mss_volume_214,,,,
0012_rush_mss_volume_215,0012,,,C,The Library Company of Philadelphia,2089699,1.993,rush_mss_volume_215,,,,
0012_rush_mss_volume_216,0012,,,A,The Library Company of Philadelphia,1588201,1.515,rush_mss_volume_216,,,,
0012_rush_mss_volume_217,0012,,,B,The Library Company of Philadelphia,4521733,4.312,rush_mss_volume_217,,,,
0012_rush_mss_volume_218,0012,,,C,The Library Company of Philadelphia,1023261,0.976,rush_mss_volume_218,,,,
0012_rush_mss_volume_219,0012,,,A,The Library Company of Philadelphia,5190804,4.95,rush_mss_volume_219,,,,
0012_rush_mss_volume_220,0012,,,B,The Library Company of Philadelphia,5660876,5.399,rush_mss_volume_220,,,,
0012_rush_mss_volume_221,0012,,,C,The Library Company of Philadelphia,4892508,4.666,rush_mss_volume_221,,,,
0012_rush_mss_volume_223,0012,,,A,The Library Company of Philadelphia,1759921,1.678,rush_mss_volume_223,,,,
0012_rush_mss_volume_224,0012,,,B,The Library Company of Philadelphia,672452,0.641,rush_mss_volume_224,,,,
0012_rush_mss_volume_225,0012,,,C,The Library Company of Philadelphia,4125022,3.934,rush_mss_volume_225,,,,
0012_rush_mss_volume_226,0012,,,A,The Library Company of Philadelphia,1807178,1.723,rush_mss_volume_226,,,,
0012_rush_mss_volume_227,0012,,,B,The Library Company of Philadelphia,1841493,1.756,rush_mss_volume_227,,,,
0012_rush_mss_volume_228,0012,,,C,The Library Company of Philadelphia,2117560,2.019,rush_mss_volume_228,,,,
0012_rush_mss_volume_229,0012,,,A,The Library Company of Philadelphia,1554611,1.483,rush_mss_volume_229,,,,
0012_rush_mss_volume_230,0012,,,B,The Library Company of Philadelphia,1261577,1.203,rush_mss_volume_230,,,,
0012_rush_mss_volume_231,0012,,,C,The Library Company of Philadelphia,3967124,3.783,rush_mss_volume_231,,,,
0012_rush_mss_volume_232,0012,,,A,The Library Company of Philadelphia,2946866,2.81,rush_mss_volume_232,,,,
0012_rush_mss_volume_233,0012,,,B,The Library Company of Philadelphia,4086163,3.897,rush_mss_volume_233,,,,
0012_rush_mss_volume_234,0012,,,C,The Library Company of Philadelphia,1985649,1.894,rush_mss_volume_234,,,,
0012_rush_mss_volume_235,0012,,,A,The Library Company of Philadelphia,1530766,1.46,rush_mss_volume_235,,,,
0012_rush_mss_volume_236,0012,,,B,The Library Company of Philadelphia,3764769,3.59,rush_mss_volume_236,,,,
0012_rush_mss_volume_237,0012,,,C,The Library Company of Philadelphia,1250282,1.192,rush_mss_volume_237,,,,
0012_rush_mss_volume_238,0012,,,A,The Library Company of Philadelphia,2008303,1.915,rush_mss_volume_238,,,,
0012_rush_mss_volume_239,0012,,,B,The Library Company of Philadelphia,5837853,5.567,rush_mss_volume_239,,,,
0012_rush_mss_volume_240,0012,,,C,The Library Company of Philadelphia,5998115,5.72,rush_mss_volume_240,,,,
0012_rush_mss_volume_241,0012,,,A,The Library Company of Philadelphia,3051368,2.91,rush_mss_volume_241,,,,
0012_rush_mss_volume_242,0012,,,B,The Library Company of Philadelphia,959087,0.915,rush_mss_volume_242,,,,
0012_rush_mss_volume_243,0012,,,C,The Library Company of Philadelphia,1194981,1.14,rush_mss_volume_243,,,,
0012_rush_mss_volume_244,0012,,,A,The Library Company of Philadelphia,2974651,2.837,rush_mss_volume_244,,,,
0012_rush_mss_volume_245,0012,,,B,The Library Company of Philadelphia,6766385,6.453,rush_mss_volume_245,,,,
0012_rush_mss_volume_246,0012,,,C,The Library Company of Philadelphia,2057658,1.962,rush_mss_volume_246,,,,
0012_rush_mss_volume_247,0012,,,A,The Library Company of Philadelphia,5766600,5.499,rush_mss_volume_247,,,,
0012_rush_mss_volume_248,0012,,,B,The Library Company of Philadelphia,3228891,3.079,rush_mss_volume_248,,,,
0012_rush_mss_volume_249,0012,,,C,The Library Company of Philadelphia,1542408,1.471,rush_mss_volume_249,,,,
0012_rush_mss_volume_251,0012,,,A,The Library Company of Philadelphia,4347279,4.146,rush_mss_volume_251,,,,
0012_rush_mss_volume_252,0012,,,B,The Library Company of Philadelphia,3172644,3.026,rush_mss_volume_252,,,,
0012_rush_mss_volume_253,0012,,,C,The Library Company of Philadelphia,6809316,6.494,rush_mss_volume_253,,,,
0012_rush_mss_volume_254,0012,,,A,The Library Company of Philadelphia,983603,0.938,rush_mss_volume_254,,,,
0012_rush_mss_volume_255,0012,,,B,The Library Company of Philadelphia,2407483,2.296,rush_mss_volume_255,,,,
0012_rush_mss_volume_256,0012,,,C,The Library Company of Philadelphia,3832692,3.655,rush_mss_volume_256,,,,
0012_rush_mss_volume_257,0012,,,A,The Library Company of Philadelphia,1967198,1.876,rush_mss_volume_257,,,,
0012_rush_mss_volume_258,0012,,,B,The Library Company of Philadelphia,6236929,5.948,rush_mss_volume_258,,,,
0012_rush_mss_volume_259,0012,,,C,The Library Company of Philadelphia,2967462,2.83,rush_mss_volume_259,,,,
0012_rush_mss_volume_260,0012,,,A,The Library Company of Philadelphia,2160696,2.061,rush_mss_volume_260,,,,
0012_rush_mss_volume_261,0012,,,B,The Library Company of Philadelphia,4016360,3.83,rush_mss_volume_261,,,,
0012_rush_mss_volume_262,0012,,,C,The Library Company of Philadelphia,4466003,4.259,rush_mss_volume_262,,,,
0012_rush_mss_volume_263,0012,,,A,The Library Company of Philadelphia,4470066,4.263,rush_mss_volume_263,,,,
0012_rush_mss_volume_265,0012,,,B,The Library Company of Philadelphia,2996356,2.858,rush_mss_volume_265,,,,
0012_rush_mss_volume_266,0012,,,C,The Library Company of Philadelphia,3424328,3.266,rush_mss_volume_266,,,,
0012_rush_mss_volume_267,0012,,,A,The Library Company of Philadelphia,2964086,2.827,rush_mss_volume_267,,,,
0012_rush_mss_volume_268,0012,,,B,The Library Company of Philadelphia,3245611,3.095,rush_mss_volume_268,,,,
0012_rush_mss_volume_269,0012,,,C,The Library Company of Philadelphia,1395605,1.331,rush_mss_volume_269,,,,
0012_rush_mss_volume_270,0012,,,A,The Library Company of Philadelphia,2401873,2.291,rush_mss_volume_270,,,,
0012_rush_mss_volume_271,0012,,,B,The Library Company of Philadelphia,3539505,3.376,rush_mss_volume_271,,,,
0012_rush_mss_volume_272,0012,,,C,The Library Company of Philadelphia,895469,0.854,rush_mss_volume_272,,,,
0012_rush_mss_volume_273,0012,,,A,The Library Company of Philadelphia,1766340,1.685,rush_mss_volume_273,,,,
0012_rush_mss_volume_274,0012,,,B,The Library Company of Philadelphia,2604968,2.484,rush_mss_volume_274,,,,
0012_rush_mss_volume_275,0012,,,C,The Library Company of Philadelphia,2779343,2.651,rush_mss_volume_275,,,,
0012_rush_mss_volume_276,0012,,,A,The Library Company of Philadelphia,3493264,3.331,rush_mss_volume_276,,,,
0012_rush_mss_volume_277,0012,,,B,The Library Company of Philadelphia,1402119,1.337,rush_mss_volume_277,,,,
0012_rush_mss_volume_278,0012,,,C,The Library Company of Philadelphia,2364816,2.255,rush_mss_volume_278,,,,
0012_rush_mss_volume_279,0012,,,A,The Library Company of Philadelphia,8576629,8.179,rush_mss_volume_279,,,,
0012_rush_mss_volume_280,0012,,,B,The Library Company of Philadelphia,8328939,7.943,rush_mss_volume_280,,,,
0012_rush_mss_volume_282,0012,,,C,The Library Company of Philadelphia,8033422,7.661,rush_mss_volume_282,,,,
0012_rush_mss_volume_283,0012,,,A,The Library Company of Philadelphia,9837938,9.382,rush_mss_volume_283,,,,
0012_rush_mss_volume_284,0012,,,B,The Library Company of Philadelphia,8803551,8.396,rush_mss_volume_284,,,,
0012_rush_mss_volume_285,0012,,,C,The Library Company of Philadelphia,9345786,8.913,rush_mss_volume_285,,,,
0012_rush_mss_volume_286,0012,,,A,The Library Company of Philadelphia,763056,0.728,rush_mss_volume_286,,,,
0012_rush_mss_volume_287,0012,,,B,The Library Company of Philadelphia,1284375,1.225,rush_mss_volume_287,,,,
0012_rush_mss_volume_288,0012,,,C,The Library Company of Philadelphia,3400903,3.243,rush_mss_volume_288,,,,
0012_rush_mss_volume_289,0012,,,A,The Library Company of Philadelphia,2852995,2.721,rush_mss_volume_289,,,,
0012_rush_mss_volume_290,0012,,,B,The Library Company of Philadelphia,9446578,9.009,rush_mss_volume_290,,,,
0012_rush_mss_volume_292,0012,,,C,The Library Company of Philadelphia,1492712,1.424,rush_mss_volume_292,,,,
0012_rush_mss_volume_293,0012,,,A,The Library Company of Philadelphia,2596706,2.476,rush_mss_volume_293,,,,
0012_rush_mss_volume_294,0012,,,B,The Library Company of Philadelphia,8388701,8.0,rush_mss_volume_294,,,,
0012_rush_mss_volume_295,0012,,,C,The Library Company of Philadelphia,1538057,1.467,rush_mss_volume_295,,,,
0012_rush_mss_volume_296,0012,,,A,The Library Company of Philadelphia,1724047,1.644,rush_mss_volume_296,,,,
0012_rush_mss_volume_298,0012,,,B,The Library Company of Philadelphia,6407661,6.111,rush_mss_volume_298,,,,
0012_rush_mss_volume_299,0012,,,C,The Library Company of Philadelphia,7354519,7.014,rush_mss_volume_299,,,,
0012_rush_mss_volume_300,0012,,,A,The Library Company of Philadelphia,5314179,5.068,rush_mss_volume_300,,,,
0012_rush_mss_volume_301,0012,,,B,The Library Company of Philadelphia,2597291,2.477,rush_mss_volume_301,,,,
0012_rush_mss_volume_302,0012,,,C,The Library Company of Philadelphia,3134875,2.99,rush_mss_volume_302,,,,
0012_rush_mss_volume_303,0012,,,A,The Library Company of Philadelphia,1248390,1.191,rush_mss_volume_303,,,,
0012_rush_mss_volume_304,0012,,,B,The Library Company of Philadelphia,1217257,1.161,rush_mss_volume_304,,,,
0012_rush_mss_volume_305,0012,,,C,The Library Company of Philadelphia,903146,0.861,rush_mss_volume_305,,,,
0012_rush_mss_volume_306,0012,,,A,The Library Company of Philadelphia,1610038,1.535,rush_mss_volume_306,,,,
0012_rush_mss_volume_307,0012,,,B,The Library Company of Philadelphia,900396,0.859,rush_mss_volume_307,,,,
0012_rush_mss_volume_308,0012,,,C,The Library Company of Philadelphia,3804291,3.628,rush_mss_volume_308,,,,
0012_rush_mss_volume_309,0012,,,A,The Library Company of Philadelphia,1754382,1.673,rush_mss_volume_309,,,,
0012_rush_mss_volume_310,0012,,,B,The Library Company of Philadelphia,10040921,9.576,rush_mss_volume_310,,,,
0012_rush_mss_volume_311,0012,,,C,The Library Company of Philadelphia,708696,0.676,rush_mss_volume_311,,,,
0012_rush_mss_volume_313,0012,,,A,The Library Company of Philadelphia,2808681,2.679,rush_mss_volume_313,,,,
0012_rush_mss_volume_096,0012,,,B,The Library Company of Philadelphia,13797786,13.159,rush_mss_volume_096,,,,
0012_rush_mss_volume_097,0012,,,C,The Library Company of Philadelphia,14188690,13.531,rush_mss_volume_097,,,,
0012_rush_mss_volume_099,0012,,,A,The Library Company of Philadelphia,25329758,24.156,rush_mss_volume_099,,,,
0012_rush_mss_volume_099_5,0012,,,B,The Library Company of Philadelphia,22121759,21.097,rush_mss_volume_099_5,,,,
0012_rush_mss_volume_100,0012,,,C,The Library Company of Philadelphia,26977611,25.728,rush_mss_volume_100,,,,
0012_rush_mss_volume_102,0012,,,A,The Library Company of Philadelphia,55988570,53.395,rush_mss_volume_102,,,,
0012_rush_mss_volume_103,0012,,,B,The Library Company of Philadelphia,67387143,64.265,rush_mss_volume_103,,,,
0012_rush_mss_volume_104,0012,,,C,The Library Company of Philadelphia,62741108,59.835,rush_mss_volume_104,,,,
0012_rush_mss_volume_108,0012,,,A,The Library Company of Philadelphia,19803952,18.887,rush_mss_volume_108,,,,
0012_rush_mss_volume_105,0012,,,B,The Library Company of Philadelphia,24534632,23.398,rush_mss_volume_105,,,,
0012_rush_mss_volume_167,0012,,,C,The Library Company of Philadelphia,5348584,5.101,rush_mss_volume_167,,,,
0012_rush_mss_volume_173,0012,,,A,The Library Company of Philadelphia,9567266,9.124,rush_mss_volume_173,,,,
0012_rush_mss_volume_174,0012,,,B,The Library Company of Philadelphia,6140224,5.856,rush_mss_volume_174,,,,
0012_rush_mss_volume_176,0012,,,C,The Library Company of Philadelphia,3958489,3.775,rush_mss_volume_176,,,,
0012_rush_mss_volume_177,0012,,,A,The Library Company of Philadelphia,6730178,6.418,rush_mss_volume_177,,,,
0012_rush_mss_volume_178,0012,,,B,The Library Company of Philadelphia,7116826,6.787,rush_mss_volume_178,,,,
0012_rush_mss_volume_185,0012,,,C,The Library Company of Philadelphia,6822607,6.507,rush_mss_volume_185,,,,
0012_rush_mss_volume_190,0012,,,A,The Library Company of Philadelphia,5041326,4.808,rush_mss_volume_190,,,,
0012_rush_mss_volume_203,0012,,,B,The Library Company of Philadelphia,7524672,7.176,rush_mss_volume_203,,,,
0012_rush_mss_volume_222,0012,,,C,The Library Company of Philadelphia,1301423,1.241,rush_mss_volume_222,,,,
0012_rush_mss_volume_250,0012,,,A,The Library Company of Philadelphia,2391517,2.281,rush_mss_volume_250,,,,
0012_rush_mss_volume_264,0012,,,B,The Library Company of Philadelphia,2332364,2.224,rush_mss_volume_264,,,,
0012_rush_mss_volume_291,0012,,,C,The Library Company of Philadelphia,1481789,1.413,rush_mss_volume_291,,,,
0012_rush_mss_volume_297,0012,,,A,The Library Company of Philadelphia,7254601,6.919,rush_mss_volume_297,,,,
0012_rush_mss_volume_093,0012,,,B,The Library Company of Philadelphia,22698156,21.647,rush_mss_volume_093,,,,
0012_rush_mss_volume_094,0012,,,C,The Library Company of Philadelphia,26173932,24.961,rush_mss_volume_094,,,,
0012_rush_mss_box4_folder02,0012,,,A,The Library Company of Philadelphia,1259524,1.201,rush_mss_box4_folder02,,,,
0012_rush_mss_box4_folder03,0012,,,B,The Library Company of Philadelphia,6020411,5.742,rush_mss_box4_folder03,,,,
0012_rush_mss_box4_folder04,0012,,,C,The Library Company of Philadelphia,4040259,3.853,rush_mss_box4_folder04,,,,
0012_rush_mss_box4_folder05,0012,,,A,The Library Company of Philadelphia,5391275,5.142,rush_mss_box4_folder05,,,,
0012_rush_mss_box4_folder06,0012,,,B,The Library Company of Philadelphia,3609356,3.442,rush_mss_box4_folder06,,,,
0012_rush_mss_box4_folder07,0012,,,C,The Library Company of Philadelphia,5497574,5.243,rush_mss_box4_folder07,,,,
0012_rush_mss_box4_folder08,0012,,,A,The Library Company of Philadelphia,5998226,5.72,rush_mss_box4_folder08,,,,
0012_rush_mss_box4_folder09,0012,,,B,The Library Company of Philadelphia,3647009,3.478,rush_mss_box4_folder09,,,,
0012_rush_mss_box4_folder10,0012,,,C,The Library Company of Philadelphia,4090255,3.901,rush_mss_box4_folder10,,,,
0012_rush_mss_box4_folder11,0012,,,A,The Library Company of Philadelphia,5012019,4.78,rush_mss_box4_folder11,,,,
0012_rush_mss_box4_folder12,0012,,,B,The Library Company of Philadelphia,6434108,6.136,rush_mss_box4_folder12,,,,
0012_rush_mss_box4_folder13,0012,,,C,The Library Company of Philadelphia,13513779,12.888,rush_mss_box4_folder13,,,,
0012_rush_mss_box4_folder20,0012,,,A,The Library Company of Philadelphia,2556217,2.438,rush_mss_box4_folder20,,,,
0012_rush_mss_volume_095,0012,,,B,The Library Company of Philadelphia,23922657,22.814,rush_mss_volume_095,,,,
0012_rush_mss_volume_098,0012,,,C,The Library Company of Philadelphia,14409298,13.742,rush_mss_volume_098,,,,
0012_rush_mss_volume_101,0012,,,A,The Library Company of Philadelphia,21775447,20.767,rush_mss_volume_101,,,,
0012_rush_mss_volume_109,0012,,,B,The Library Company of Philadelphia,10742116,10.244,rush_mss_volume_109,,,,
0012_rush_mss_volume_370,0012,,,C,The Library Company of Philadelphia,10702139,10.206,rush_mss_volume_370,,,,
0012_rush_mss_volume_372,0012,,,A,The Library Company of Philadelphia,7911468,7.545,rush_mss_volume_372,,,,
0012_rush_mss_volume_373,0012,,,B,The Library Company of Philadelphia,9194462,8.769,rush_mss_volume_373,,,,
0012_rush_mss_volume_374,0012,,,C,The Library Company of Philadelphia,10487742,10.002,rush_mss_volume_374,,,,
0012_rush_mss_volume_375,0012,,,A,The Library Company of Philadelphia,7424962,7.081,rush_mss_volume_375,,,,
0012_rush_mss_volume_376,0012,,,B,The Library Company of Philadelphia,2218335,2.116,rush_mss_volume_376,,,,
0012_rush_mss_volume_377,0012,,,C,The Library Company of Philadelphia,1457073,1.39,rush_mss_volume_377,,,,
0012_rush_mss_volume_402,0012,,,A,The Library Company of Philadelphia,10186349,9.714,rush_mss_volume_402,,,,
0012_rush_mss_box4_folder01,0012,,,B,The Library Company of Philadelphia,8226396,7.845,rush_mss_box4_folder01,,,,
0033_uts_ms_010_arabic,0033,,,C,"Columbia University, The Burke Library at Union Theological Seminary",12624018,12.039,uts_ms_010_arabic,,,,
0033_uts_ms_005_arabic,0033,,,A,"Columbia University, The Burke Library at Union Theological Seminary",22242523,21.212,uts_ms_005_arabic,,,,
0033_uts_ms_002_arabic,0033,,,B,"Columbia University, The Burke Library at Union Theological Seminary",46264339,44.121,uts_ms_002_arabic,,,,
0033_uts_ms_009_arabic,0033,,,C,"Columbia University, The Burke Library at Union Theological Seminary",42358230,40.396,uts_ms_009_arabic,,,,
0032_ms_or_184,0032,,,A,"Columbia University, Rare Book & Manuscript Library",2711076,2.585,ms_or_184,,,,
0032_ms_or_200,0032,,,B,"Columbia University, Rare Book & Manuscript Library",28131878,26.829,ms_or_200,,,,
0032_ms_or_225,0032,,,C,"Columbia University, Rare Book & Manuscript Library",21563185,20.564,ms_or_225,,,,
0032_ms_or_231,0032,,,A,"Columbia University, Rare Book & Manuscript Library",20886856,19.919,ms_or_231,,,,
0032_ms_or_253,0032,,,B,"Columbia University, Rare Book & Manuscript Library",46090128,43.955,ms_or_253,,,,
0032_ms_or_452,0032,,,C,"Columbia University, Rare Book & Manuscript Library",22919099,21.857,ms_or_452,,,,
0032_ms_or_460,0032,,,A,"Columbia University, Rare Book & Manuscript Library",13358075,12.739,ms_or_460,,,,
0032_X892_8_Ab9_O,0032,,,B,"Columbia University, Rare Book & Manuscript Library",57909515,55.227,X892_8_Ab9_O,,,,
0032_X892_8_N23_L,0032,,,C,"Columbia University, Rare Book & Manuscript Library",23710151,22.612,X892_8_N23_L,,,,
0032_ms_or_309,0032,,,A,"Columbia University, Rare Book & Manuscript Library",4736475,4.517,ms_or_309,,,,
0032_ms_or_202,0032,,,B,"Columbia University, Rare Book & Manuscript Library",21576531,20.577,ms_or_202,,,,
0032_ms_or_249,0032,,,C,"Columbia University, Rare Book & Manuscript Library",36600968,34.905,ms_or_249,,,,
0032_ms_or_291,0032,,,A,"Columbia University, Rare Book & Manuscript Library",10004010,9.541,ms_or_291,,,,
0032_X892_8_M311,0032,,,B,"Columbia University, Rare Book & Manuscript Library",3204389,3.056,X892_8_M311,,,,
0032_ms_or_268,0032,,,C,"Columbia University, Rare Book & Manuscript Library",8025102,7.653,ms_or_268,,,,
0032_ms_or_281,0032,,,A,"Columbia University, Rare Book & Manuscript Library",8764097,8.358,ms_or_281,,,,
0032_ms_or_302,0032,,,B,"Columbia University, Rare Book & Manuscript Library",8552212,8.156,ms_or_302,,,,
0032_ms_or_317,0032,,,C,"Columbia University, Rare Book & Manuscript Library",41083494,39.18,ms_or_317,,,,
0032_ms_or_397,0032,,,A,"Columbia University, Rare Book & Manuscript Library",38455055,36.674,ms_or_397,,,,
0032_X892_8_L977_O_Q,0032,,,B,"Columbia University, Rare Book & Manuscript Library",50821557,48.467,X892_8_L977_O_Q,,,,
0032_X892_88_M892,0032,,,C,"Columbia University, Rare Book & Manuscript Library",9534737,9.093,X892_88_M892,,,,
0032_ms_or_136,0032,,,A,"Columbia University, Rare Book & Manuscript Library",7645218,7.291,ms_or_136,,,,
0032_ms_or_149,0032,,,B,"Columbia University, Rare Book & Manuscript Library",6011366,5.733,ms_or_149,,,,
0032_ms_or_262,0032,,,C,"Columbia University, Rare Book & Manuscript Library",63862920,60.904,ms_or_262,,,,
0032_ms_or_288,0032,,,A,"Columbia University, Rare Book & Manuscript Library",3924542,3.743,ms_or_288,,,,
0032_X893_7_An8,0032,,,B,"Columbia University, Rare Book & Manuscript Library",13823046,13.183,X893_7_An8,,,,
0032_X893_7_B11,0032,,,C,"Columbia University, Rare Book & Manuscript Library",9633378,9.187,X893_7_B11,,,,
0032_X893_7_Il7,0032,,,A,"Columbia University, Rare Book & Manuscript Library",4170512,3.977,X893_7_Il7,,,,
0032_X892_5_Av3_S4,0032,,,B,"Columbia University, Rare Book & Manuscript Library",40433911,38.561,X892_5_Av3_S4,,,,
0049_bx2080_a2_1475,0049,,,C,"La Salle University, Department of Special Collections",5637493,5.376,bx2080_a2_1475,,,,
0030_spc_mss_bh_005_coch,0030,,,A,"Temple University Libraries, Special Collections Research Center",5058403,4.824,spc_mss_bh_005_coch,,,,
0030_spc_mss_bh_100_coch,0030,,,B,"Temple University Libraries, Special Collections Research Center",6465096,6.166,spc_mss_bh_100_coch,,,,
0030_spc_mss_bh_007_coch,0030,,,C,"Temple University Libraries, Special Collections Research Center",9508625,9.068,spc_mss_bh_007_coch,,,,
0030_spc_mss_bh_056_coch,0030,,,A,"Temple University Libraries, Special Collections Research Center",43170269,41.17,spc_mss_bh_056_coch,,,,
0030_scrc331,0030,,,B,"Temple University Libraries, Special Collections Research Center",47688204,45.479,scrc331,,,,
0030_spc_mss_lt_055,0030,,,C,"Temple University Libraries, Special Collections Research Center",8102537,7.727,spc_mss_lt_055,,,,
0030_spc_mss_bh_057_coch,0030,,,A,"Temple University Libraries, Special Collections Research Center",452627,0.432,spc_mss_bh_057_coch,,,,
0030_spc_mss_bh_019_coch,0030,,,B,"Temple University Libraries, Special Collections Research Center",9892879,9.435,spc_mss_bh_019_coch,,,,
0030_spc_mss_bh_036_coch,0030,,,C,"Temple University Libraries, Special Collections Research Center",2127273,2.029,spc_mss_bh_036_coch,,,,
0030_scrc441,0030,,,A,"Temple University Libraries, Special Collections Research Center",12959469,12.359,scrc441,,,,
0030_scrc447,0030,,,B,"Temple University Libraries, Special Collections Research Center",29782369,28.403,scrc447,,,,
0030_scrc448,0030,,,C,"Temple University Libraries, Special Collections Research Center",13041931,12.438,scrc448,,,,
0030_scrc450,0030,,,A,"Temple University Libraries, Special Collections Research Center",13852915,13.211,scrc450,,,,
0048_SJUMSFrag32,0048,,,B,The Hill Museum & Manuscript Library (HMML),6258072,5.968,SJUMSFrag32,,,,
0020_W535,0020,/Data/WaltersManuscripts/,,LARGE,The Walters Art Museum,233327473,222.518,W535,,,,
0020_W563,0020,/Data/WaltersManuscripts/,,LARGE,The Walters Art Museum,340316039,324.551,W563,,,,
0020_W760,0020,/Data/WaltersManuscripts/,,LARGE,The Walters Art Museum,220115950,209.919,W760,,,,
0020_W556,0020,/Data/WaltersManuscripts/,,C,The Walters Art Museum,22693510,21.642,W556,,,,
0020_W75,0020,/Data/WaltersManuscripts/,,A,The Walters Art Museum,98669789,94.099,W75,,,,
0020_W648,0020,/Data/WaltersManuscripts/,,B,The Walters Art Museum,36265194,34.585,W648,,,,
0020_W923,0020,/Data/WaltersManuscripts/,,C,The Walters Art Museum,5759636,5.493,W923,,,,
0020_W579,0020,/Data/WaltersManuscripts/,,A,The Walters Art Museum,8208647,7.828,W579,,,,
0020_W525,0020,/Data/WaltersManuscripts/,,B,The Walters Art Museum,43650714,41.629,W525,,,,
0020_W7811-2,0020,/Data/WaltersManuscripts/,,C,The Walters Art Museum,694012,0.662,W7811-2,,,,
0020_921067,0020,/Data/WaltersManuscripts/,,A,The Walters Art Museum,34048994,32.472,921067,,,,
0020_W133,0020,/Data/WaltersManuscripts/,,LARGE,The Walters Art Museum,255033033,243.218,W133,,,,
0020_92711,0020,/Data/WaltersManuscripts/,,B,The Walters Art Museum,15665689,14.94,92711,,,,
0020_W479,0020,/Data/WaltersManuscripts/,,C,The Walters Art Museum,5941194,5.666,W479,,,,
0020_W7951-2,0020,/Data/WaltersManuscripts/,,A,The Walters Art Museum,684014,0.652,W7951-2,,,,
0020_W342,0020,/Data/WaltersManuscripts/,,B,The Walters Art Museum,8227804,7.847,W342,,,,
0020_W602,0020,/Data/WaltersManuscripts/,,LARGE,The Walters Art Museum,251207073,239.57,W602,,,,
0020_W70,0020,/Data/WaltersManuscripts/,,C,The Walters Art Museum,29973915,28.585,W70,,,,
0020_W307,0020,/Data/WaltersManuscripts/,,LARGE,The Walters Art Museum,229342300,218.718,W307,,,,
0020_W160,0020,/Data/WaltersManuscripts/,,A,The Walters Art Museum,35941321,34.276,W160,,,,
0020_92699,0020,/Data/WaltersManuscripts/,,B,The Walters Art Museum,46552221,44.396,92699,,,,
0020_W152,0020,/Data/WaltersManuscripts/,,C,The Walters Art Museum,97688655,93.163,W152,,,,
0020_W300,0020,/Data/WaltersManuscripts/,,LARGE,The Walters Art Museum,145662463,138.915,W300,,,,
0020_92808,0020,/Data/WaltersManuscripts/,,LARGE,The Walters Art Museum,199837977,190.58,92808,,,,
0020_W595,0020,/Data/WaltersManuscripts/,,LARGE,The Walters Art Museum,211254029,201.468,W595,,,,
0020_W36,0020,/Data/WaltersManuscripts/,,A,The Walters Art Museum,37721163,35.974,W36,,,,
0020_W79,0020,/Data/WaltersManuscripts/,,B,The Walters Art Museum,80372007,76.649,W79,,,,
0020_W416,0020,/Data/WaltersManuscripts/,,C,The Walters Art Museum,352306,0.336,W416,,,,
0020_921350,0020,/Data/WaltersManuscripts/,,A,The Walters Art Museum,50175815,47.851,921350,,,,
0020_W180,0020,/Data/WaltersManuscripts/,,B,The Walters Art Museum,22991463,21.926,W180,,,,
0020_92962,0020,/Data/WaltersManuscripts/,,C,The Walters Art Museum,27602772,26.324,92962,,,,
0020_W322,0020,/Data/WaltersManuscripts/,,A,The Walters Art Museum,26751703,25.512,W322,,,,
0020_W328,0020,/Data/WaltersManuscripts/,,B,The Walters Art Museum,35007772,33.386,W328,,,,
0020_W170,0020,/Data/WaltersManuscripts/,,C,The Walters Art Museum,28171520,26.866,W170,,,,
0020_92801,0020,/Data/WaltersManuscripts/,,A,The Walters Art Museum,1679642,1.602,92801,,,,
0020_921008,0020,/Data/WaltersManuscripts/,,B,The Walters Art Museum,1708252,1.629,921008,,,,
0020_W402,0020,/Data/WaltersManuscripts/,,C,The Walters Art Museum,10032332,9.568,W402,,,,
0020_PC7I,0020,/Data/OtherCollections/,,A,The Walters Art Museum,35374885,33.736,PC7I,,,,
0020_PC2,0020,/Data/OtherCollections/,,B,The Walters Art Museum,24952886,23.797,PC2,,,,
0020_PC8,0020,/Data/OtherCollections/,,C,The Walters Art Museum,42054972,40.107,PC8,,,,
0020_PC5,0020,/Data/OtherCollections/,,A,The Walters Art Museum,11386505,10.859,PC5,,,,
0020_PC1,0020,/Data/OtherCollections/,,B,The Walters Art Museum,9124724,8.702,PC1,,,,
0020_PC6,0020,/Data/OtherCollections/,,C,The Walters Art Museum,53194255,50.73,PC6,,,,
0020_PC11,0020,/Data/OtherCollections/,,A,The Walters Art Museum,34810998,33.198,PC11,,,,
0020_PC7II,0020,/Data/OtherCollections/,,B,The Walters Art Museum,37007915,35.293,PC7II,,,,
0020_PC4,0020,/Data/OtherCollections/,,C,The Walters Art Museum,35242327,33.61,PC4,,,,
0020_PC9,0020,/Data/OtherCollections/,,A,The Walters Art Museum,22203175,21.175,PC9,,,,
0020_PC3,0020,/Data/OtherCollections/,,B,The Walters Art Museum,42493355,40.525,PC3,,,,
0020_PC10,0020,/Data/OtherCollections/,,LARGE,The Walters Art Museum,120244971,114.675,PC10,,,,
0008_MSS003044,0008,,,C,"Swarthmore College, Friends Historical Library",1359042,1.296,MSS003044,,,,
0050_3060501,0050,,,A,Princeton University Library,61119816,58.288,3060501,,,,
0050_4525559,0050,,,B,Princeton University Library,8785544,8.379,4525559,,,,
0050_6207731,0050,,,C,Princeton University Library,71418293,68.11,6207731,,,,
0002_kcajs_rar_ms13,0002,,,A,University of Pennsylvania Libraries,347795,0.332,kcajs_rar_ms13,,,,
0002_kcajs_rar_ms38,0002,,,B,University of Pennsylvania Libraries,293326,0.28,kcajs_rar_ms38,,,,
0002_kcajs_rar_ms125,0002,,,C,University of Pennsylvania Libraries,584881,0.558,kcajs_rar_ms125,,,,
0002_kcajs_rar_ms205,0002,,,A,University of Pennsylvania Libraries,2136590,2.038,kcajs_rar_ms205,,,,
0002_kcajs_rar_ms303,0002,,,B,University of Pennsylvania Libraries,18080523,17.243,kcajs_rar_ms303,,,,
0002_kcajs_rar_ms400,0002,,,C,University of Pennsylvania Libraries,293393,0.28,kcajs_rar_ms400,,,,
0002_kcajs_rar_ms415,0002,,,A,University of Pennsylvania Libraries,484020,0.462,kcajs_rar_ms415,,,,
0002_kcajs_rar_ms416,0002,,,B,University of Pennsylvania Libraries,288467,0.275,kcajs_rar_ms416,,,,
0002_kcajs_rar_ms419,0002,,,C,University of Pennsylvania Libraries,367186,0.35,kcajs_rar_ms419,,,,
0002_kcajs_rar_ms445,0002,,,A,University of Pennsylvania Libraries,460146,0.439,kcajs_rar_ms445,,,,
0002_kcajs_rar_ms446,0002,,,B,University of Pennsylvania Libraries,624622,0.596,kcajs_rar_ms446,,,,
0002_kcajs_rar_ms447,0002,,,C,University of Pennsylvania Libraries,489598,0.467,kcajs_rar_ms447,,,,
0002_kcajs_rar_ms448,0002,,,A,University of Pennsylvania Libraries,1409146,1.344,kcajs_rar_ms448,,,,
0002_kcajs_rar_ms126,0002,,,B,University of Pennsylvania Libraries,42765205,40.784,kcajs_rar_ms126,,,,
0002_kcajs_rar_ms132,0002,,,C,University of Pennsylvania Libraries,28294625,26.984,kcajs_rar_ms132,,,,
0002_kcajs_rar_ms364,0002,,,A,University of Pennsylvania Libraries,49391823,47.104,kcajs_rar_ms364,,,,
0002_kcajs_rar_ms137,0002,,,B,University of Pennsylvania Libraries,28230001,26.922,kcajs_rar_ms137,,,,
0002_kcajs_rar_ms142,0002,,,C,University of Pennsylvania Libraries,29711001,28.335,kcajs_rar_ms142,,,,
0002_kcajs_rar_ms143,0002,,,LARGE,University of Pennsylvania Libraries,108250624,103.236,kcajs_rar_ms143,,,,
0002_kcajs_rar_ms147,0002,,,A,University of Pennsylvania Libraries,22411601,21.373,kcajs_rar_ms147,,,,
0002_kcajs_rar_ms159,0002,,,B,University of Pennsylvania Libraries,33537901,31.984,kcajs_rar_ms159,,,,
0002_kcajs_rar_ms207,0002,,,C,University of Pennsylvania Libraries,14097104,13.444,kcajs_rar_ms207,,,,
0002_kcajs_rar_ms211,0002,,,A,University of Pennsylvania Libraries,14784408,14.1,kcajs_rar_ms211,,,,
0002_kcajs_rar_ms214,0002,,,B,University of Pennsylvania Libraries,25127409,23.963,kcajs_rar_ms214,,,,
0002_kcajs_rar_ms242,0002,,,C,University of Pennsylvania Libraries,43364638,41.356,kcajs_rar_ms242,,,,
0002_kcajs_rar_ms216,0002,,,A,University of Pennsylvania Libraries,20963014,19.992,kcajs_rar_ms216,,,,
0002_kcajs_rar_ms280,0002,,,B,University of Pennsylvania Libraries,48733990,46.476,kcajs_rar_ms280,,,,
0002_kcajs_rar_ms395,0002,,,LARGE,University of Pennsylvania Libraries,169568022,161.713,kcajs_rar_ms395,,,,
0002_kcajs_rar_ms382,0002,,,C,University of Pennsylvania Libraries,83574128,79.702,kcajs_rar_ms382,,,,
0002_kcajs_rar_ms228,0002,,,A,University of Pennsylvania Libraries,35052750,33.429,kcajs_rar_ms228,,,,
0002_kcajs_rar_ms30,0002,,,B,University of Pennsylvania Libraries,15216592,14.512,kcajs_rar_ms30,,,,
0002_kcajs_rar_ms26,0002,,,C,University of Pennsylvania Libraries,26757332,25.518,kcajs_rar_ms26,,,,
0002_kcajs_rar_ms28,0002,,,A,University of Pennsylvania Libraries,26864272,25.62,kcajs_rar_ms28,,,,
0002_miscmsslarge_box1_f2,0002,,,B,University of Pennsylvania Libraries,435790,0.416,miscmsslarge_box1_f2,,,,
0002_miscmsslarge_box1_f14,0002,,,C,University of Pennsylvania Libraries,284294,0.271,miscmsslarge_box1_f14,,,,
0002_miscmsslarge_box3_f9,0002,,,A,University of Pennsylvania Libraries,344835,0.329,miscmsslarge_box3_f9,,,,
0002_miscmsslarge_box3_f8,0002,,,B,University of Pennsylvania Libraries,194935,0.186,miscmsslarge_box3_f8,,,,
0002_mscoll700_item100,0002,,,C,University of Pennsylvania Libraries,1443609,1.377,mscoll700_item100,,,,
0002_mscoll700_item101,0002,,,A,University of Pennsylvania Libraries,1834612,1.75,mscoll700_item101,,,,
0002_mscoll700_item102,0002,,,B,University of Pennsylvania Libraries,1179897,1.125,mscoll700_item102,,,,
0002_mscoll700_item104,0002,,,C,University of Pennsylvania Libraries,2602506,2.482,mscoll700_item104,,,,
0002_mscoll700_item105,0002,,,A,University of Pennsylvania Libraries,5232157,4.99,mscoll700_item105,,,,
0002_mscoll700_item106,0002,,,B,University of Pennsylvania Libraries,6163893,5.878,mscoll700_item106,,,,
0002_mscoll700_item107,0002,,,C,University of Pennsylvania Libraries,1740781,1.66,mscoll700_item107,,,,
0002_mscoll700_item108,0002,,,A,University of Pennsylvania Libraries,2315092,2.208,mscoll700_item108,,,,
0002_mscoll700_item109,0002,,,B,University of Pennsylvania Libraries,9247283,8.819,mscoll700_item109,,,,
0002_miscmss_box24_f3,0002,,,C,University of Pennsylvania Libraries,581882,0.555,miscmss_box24_f3,,,,
0002_miscmss_box24_f4,0002,,,A,University of Pennsylvania Libraries,295474,0.282,miscmss_box24_f4,,,,
0002_miscmss_box23_f24,0002,,,B,University of Pennsylvania Libraries,490383,0.468,miscmss_box23_f24,,,,
0002_mscoll700_item111,0002,,,C,University of Pennsylvania Libraries,1729358,1.649,mscoll700_item111,,,,
0002_mscoll700_item113,0002,,,A,University of Pennsylvania Libraries,1063840,1.015,mscoll700_item113,,,,
0002_mscoll700_item114,0002,,,B,University of Pennsylvania Libraries,1289913,1.23,mscoll700_item114,,,,
0002_mscoll700_item116,0002,,,C,University of Pennsylvania Libraries,2947253,2.811,mscoll700_item116,,,,
0002_mscoll700_item119,0002,,,A,University of Pennsylvania Libraries,663648,0.633,mscoll700_item119,,,,
0002_mscoll700_item120,0002,,,B,University of Pennsylvania Libraries,3305842,3.153,mscoll700_item120,,,,
0002_mscoll700_item123,0002,,,C,University of Pennsylvania Libraries,447623,0.427,mscoll700_item123,,,,
0002_mscoll700_item124,0002,,,A,University of Pennsylvania Libraries,2652447,2.53,mscoll700_item124,,,,
0002_mscoll700_item125,0002,,,B,University of Pennsylvania Libraries,482978,0.461,mscoll700_item125,,,,
0002_mscoll700_item129,0002,,,C,University of Pennsylvania Libraries,1059231,1.01,mscoll700_item129,,,,
0002_mscoll700_item131,0002,,,A,University of Pennsylvania Libraries,1693373,1.615,mscoll700_item131,,,,
0002_mscoll700_item133,0002,,,B,University of Pennsylvania Libraries,1407438,1.342,mscoll700_item133,,,,
0002_mscoll700_item135,0002,,,C,University of Pennsylvania Libraries,1127490,1.075,mscoll700_item135,,,,
0002_mscoll700_item136,0002,,,A,University of Pennsylvania Libraries,728948,0.695,mscoll700_item136,,,,
0002_mscoll700_item139,0002,,,B,University of Pennsylvania Libraries,507904,0.484,mscoll700_item139,,,,
0002_mscoll700_item143,0002,,,C,University of Pennsylvania Libraries,677610,0.646,mscoll700_item143,,,,
0002_mscoll700_item145,0002,,,A,University of Pennsylvania Libraries,963948,0.919,mscoll700_item145,,,,
0002_mscoll700_item146,0002,,,B,University of Pennsylvania Libraries,1229534,1.173,mscoll700_item146,,,,
0002_mscoll700_item148,0002,,,C,University of Pennsylvania Libraries,2238558,2.135,mscoll700_item148,,,,
0002_mscoll700_item149,0002,,,A,University of Pennsylvania Libraries,1916060,1.827,mscoll700_item149,,,,
0002_mscoll700_item150,0002,,,B,University of Pennsylvania Libraries,866661,0.827,mscoll700_item150,,,,
0002_mscoll700_item15,0002,,,C,University of Pennsylvania Libraries,6687525,6.378,mscoll700_item15,,,,
0002_mscoll700_item152,0002,,,A,University of Pennsylvania Libraries,901184,0.859,mscoll700_item152,,,,
0002_mscoll700_item153,0002,,,B,University of Pennsylvania Libraries,1273669,1.215,mscoll700_item153,,,,
0002_mscoll700_item154,0002,,,C,University of Pennsylvania Libraries,1404164,1.339,mscoll700_item154,,,,
0002_mscoll700_item157,0002,,,A,University of Pennsylvania Libraries,1364370,1.301,mscoll700_item157,,,,
0002_mscoll700_item158,0002,,,B,University of Pennsylvania Libraries,994552,0.948,mscoll700_item158,,,,
0002_mscoll700_item159,0002,,,C,University of Pennsylvania Libraries,1258138,1.2,mscoll700_item159,,,,
0002_mscoll700_item161,0002,,,A,University of Pennsylvania Libraries,1764099,1.682,mscoll700_item161,,,,
0002_mscoll700_item162,0002,,,B,University of Pennsylvania Libraries,478817,0.457,mscoll700_item162,,,,
0002_mscoll700_item163,0002,,,C,University of Pennsylvania Libraries,2008034,1.915,mscoll700_item163,,,,
0002_mscoll700_item164,0002,,,A,University of Pennsylvania Libraries,712175,0.679,mscoll700_item164,,,,
0002_mscoll700_item165,0002,,,B,University of Pennsylvania Libraries,1656522,1.58,mscoll700_item165,,,,
0002_mscoll700_item167,0002,,,C,University of Pennsylvania Libraries,759458,0.724,mscoll700_item167,,,,
0002_mscoll700_item169,0002,,,A,University of Pennsylvania Libraries,734278,0.7,mscoll700_item169,,,,
0002_mscoll700_item170,0002,,,B,University of Pennsylvania Libraries,1151302,1.098,mscoll700_item170,,,,
0002_mscoll700_item171,0002,,,C,University of Pennsylvania Libraries,827879,0.79,mscoll700_item171,,,,
0002_mscoll700_item172,0002,,,A,University of Pennsylvania Libraries,546409,0.521,mscoll700_item172,,,,
0002_mscoll700_item173,0002,,,B,University of Pennsylvania Libraries,1590038,1.516,mscoll700_item173,,,,
0002_mscoll700_item174,0002,,,C,University of Pennsylvania Libraries,1655131,1.578,mscoll700_item174,,,,
0002_mscoll700_item184,0002,,,A,University of Pennsylvania Libraries,15204202,14.5,mscoll700_item184,,,,
0002_mscoll700_item185,0002,,,B,University of Pennsylvania Libraries,8648597,8.248,mscoll700_item185,,,,
0002_mscoll700_item186,0002,,,C,University of Pennsylvania Libraries,1925111,1.836,mscoll700_item186,,,,
0002_mscoll700_item187,0002,,,A,University of Pennsylvania Libraries,6979089,6.656,mscoll700_item187,,,,
0002_mscoll700_item191,0002,,,B,University of Pennsylvania Libraries,3870603,3.691,mscoll700_item191,,,,
0002_mscoll700_item192,0002,,,C,University of Pennsylvania Libraries,3596439,3.43,mscoll700_item192,,,,
0002_mscoll700_item194,0002,,,A,University of Pennsylvania Libraries,1534307,1.463,mscoll700_item194,,,,
0002_mscoll700_item197,0002,,,B,University of Pennsylvania Libraries,1809797,1.726,mscoll700_item197,,,,
0002_mscoll700_item198,0002,,,C,University of Pennsylvania Libraries,2972227,2.835,mscoll700_item198,,,,
0002_mscoll700_item2,0002,,,A,University of Pennsylvania Libraries,31960132,30.48,mscoll700_item2,,,,
0002_mscoll700_item203,0002,,,B,University of Pennsylvania Libraries,2838013,2.707,mscoll700_item203,,,,
0002_mscoll700_item206,0002,,,C,University of Pennsylvania Libraries,683039,0.651,mscoll700_item206,,,,
0002_mscoll700_item207,0002,,,A,University of Pennsylvania Libraries,2558314,2.44,mscoll700_item207,,,,
0002_mscoll700_item210,0002,,,B,University of Pennsylvania Libraries,1689172,1.611,mscoll700_item210,,,,
0002_mscoll700_item21,0002,,,C,University of Pennsylvania Libraries,2006271,1.913,mscoll700_item21,,,,
0002_mscoll700_item211,0002,,,A,University of Pennsylvania Libraries,4855921,4.631,mscoll700_item211,,,,
0002_mscoll700_item1,0002,,,LARGE,University of Pennsylvania Libraries,180416139,172.058,mscoll700_item1,,,,
0002_mscoll700_item220,0002,,,B,University of Pennsylvania Libraries,458562,0.437,mscoll700_item220,,,,
0002_mscoll700_item219,0002,,,C,University of Pennsylvania Libraries,1033038,0.985,mscoll700_item219,,,,
0002_mscoll700_item218,0002,,,A,University of Pennsylvania Libraries,721335,0.688,mscoll700_item218,,,,
0002_mscoll700_item117,0002,,,B,University of Pennsylvania Libraries,1613080,1.538,mscoll700_item117,,,,
0002_mscoll700_item200,0002,,,C,University of Pennsylvania Libraries,7944361,7.576,mscoll700_item200,,,,
0002_mscoll700_item32,0002,,,A,University of Pennsylvania Libraries,1520306,1.45,mscoll700_item32,,,,
0002_mscoll700_item42,0002,,,B,University of Pennsylvania Libraries,7360586,7.02,mscoll700_item42,,,,
0002_mscoll700_item43,0002,,,C,University of Pennsylvania Libraries,13430107,12.808,mscoll700_item43,,,,
0002_mscoll700_item49,0002,,,A,University of Pennsylvania Libraries,6216071,5.928,mscoll700_item49,,,,
0002_mscoll700_item44,0002,,,B,University of Pennsylvania Libraries,11167628,10.65,mscoll700_item44,,,,
0002_mscoll700_item50,0002,,,C,University of Pennsylvania Libraries,10553329,10.064,mscoll700_item50,,,,
0002_mscoll700_item54,0002,,,A,University of Pennsylvania Libraries,2312271,2.205,mscoll700_item54,,,,
0002_mscoll700_item55,0002,,,B,University of Pennsylvania Libraries,5446625,5.194,mscoll700_item55,,,,
0002_mscoll700_item56,0002,,,C,University of Pennsylvania Libraries,3244338,3.094,mscoll700_item56,,,,
0002_mscoll700_item57,0002,,,A,University of Pennsylvania Libraries,1154698,1.101,mscoll700_item57,,,,
0002_mscoll700_item60,0002,,,B,University of Pennsylvania Libraries,1522052,1.452,mscoll700_item60,,,,
0002_mscoll700_item64,0002,,,C,University of Pennsylvania Libraries,447249,0.427,mscoll700_item64,,,,
0002_mscoll700_item65,0002,,,A,University of Pennsylvania Libraries,1860582,1.774,mscoll700_item65,,,,
0002_mscoll700_item61,0002,,,B,University of Pennsylvania Libraries,19303045,18.409,mscoll700_item61,,,,
0002_mscoll700_item66,0002,,,C,University of Pennsylvania Libraries,2544824,2.427,mscoll700_item66,,,,
0002_mscoll700_item67,0002,,,A,University of Pennsylvania Libraries,2734594,2.608,mscoll700_item67,,,,
0002_mscoll700_item68,0002,,,B,University of Pennsylvania Libraries,11271113,10.749,mscoll700_item68,,,,
0002_mscoll700_item69,0002,,,C,University of Pennsylvania Libraries,3157354,3.011,mscoll700_item69,,,,
0002_mscoll700_item71_item74,0002,,,A,University of Pennsylvania Libraries,1546306,1.475,mscoll700_item71_item74,,,,
0002_mscoll700_item212,0002,,,B,University of Pennsylvania Libraries,3461541,3.301,mscoll700_item212,,,,
0002_mscoll700_item214,0002,,,C,University of Pennsylvania Libraries,1884405,1.797,mscoll700_item214,,,,
0002_mscoll700_item217,0002,,,A,University of Pennsylvania Libraries,1130529,1.078,mscoll700_item217,,,,
0002_mscoll700_item75,0002,,,B,University of Pennsylvania Libraries,1341109,1.279,mscoll700_item75,,,,
0002_mscoll700_item77,0002,,,C,University of Pennsylvania Libraries,1399549,1.335,mscoll700_item77,,,,
0002_mscoll700_item8,0002,,,A,University of Pennsylvania Libraries,2528939,2.412,mscoll700_item8,,,,
0002_mscoll700_item81,0002,,,B,University of Pennsylvania Libraries,1229987,1.173,mscoll700_item81,,,,
0002_mscoll700_item83,0002,,,C,University of Pennsylvania Libraries,10824331,10.323,mscoll700_item83,,,,
0002_mscoll700_item87,0002,,,A,University of Pennsylvania Libraries,615501,0.587,mscoll700_item87,,,,
0002_mscoll700_item89,0002,,,B,University of Pennsylvania Libraries,442031,0.422,mscoll700_item89,,,,
0002_mscoll700_item90,0002,,,C,University of Pennsylvania Libraries,1300055,1.24,mscoll700_item90,,,,
0002_mscoll700_item92,0002,,,A,University of Pennsylvania Libraries,1018336,0.971,mscoll700_item92,,,,
0002_mscoll700_item93,0002,,,B,University of Pennsylvania Libraries,4266175,4.069,mscoll700_item93,,,,
0002_mscoll700_item94,0002,,,C,University of Pennsylvania Libraries,990601,0.945,mscoll700_item94,,,,
0002_mscoll700_item95,0002,,,A,University of Pennsylvania Libraries,1702011,1.623,mscoll700_item95,,,,
0002_mscoll700_item96,0002,,,B,University of Pennsylvania Libraries,3697682,3.526,mscoll700_item96,,,,
0002_mscoll700_item193,0002,,,C,University of Pennsylvania Libraries,1733967,1.654,mscoll700_item193,,,,
0002_miscmss_box23_f26,0002,,,A,University of Pennsylvania Libraries,468383,0.447,miscmss_box23_f26,,,,
0002_mscodex39,0002,,,B,University of Pennsylvania Libraries,5337016,5.09,mscodex39,,,,
0002_mscodex1998,0002,,,C,University of Pennsylvania Libraries,12193127,11.628,mscodex1998,,,,
0002_mscodex2009,0002,,,A,University of Pennsylvania Libraries,6507943,6.206,mscodex2009,,,,
0002_kcajs_rar_ms153,0002,,,B,University of Pennsylvania Libraries,19711705,18.799,kcajs_rar_ms153,,,,
0002_kcajs_rar_ms283,0002,,,C,University of Pennsylvania Libraries,9327522,8.895,kcajs_rar_ms283,,,,
0002_kcajs_rar_ms156,0002,,,A,University of Pennsylvania Libraries,15813690,15.081,kcajs_rar_ms156,,,,
0002_miscmss_box3_f12,0002,,,B,University of Pennsylvania Libraries,655391,0.625,miscmss_box3_f12,,,,
0002_miscmss_box3_f13,0002,,,C,University of Pennsylvania Libraries,1855250,1.769,miscmss_box3_f13,,,,
0002_mscoll960_item18,0002,,,A,University of Pennsylvania Libraries,356907,0.34,mscoll960_item18,,,,
0002_mscoll960_item15,0002,,,B,University of Pennsylvania Libraries,76533590,72.988,mscoll960_item15,,,,
0002_mscoll960_item5,0002,,,C,University of Pennsylvania Libraries,963450,0.919,mscoll960_item5,,,,
0002_kcajs_rar_ms121,0002,,,LARGE,University of Pennsylvania Libraries,106193478,101.274,kcajs_rar_ms121,,,,
0002_kcajs_rar_ms141,0002,,,A,University of Pennsylvania Libraries,28534951,27.213,kcajs_rar_ms141,,,,
0002_kcajs_rar_ms166,0002,,,B,University of Pennsylvania Libraries,93267243,88.947,kcajs_rar_ms166,,,,
0002_kcajs_rar_ms169,0002,,,C,University of Pennsylvania Libraries,5346945,5.099,kcajs_rar_ms169,,,,
0002_kcajs_rar_ms175,0002,,,A,University of Pennsylvania Libraries,67854989,64.712,kcajs_rar_ms175,,,,
0002_kcajs_rar_ms176,0002,,,B,University of Pennsylvania Libraries,45295870,43.198,kcajs_rar_ms176,,,,
0002_kcajs_rar_ms154,0002,,,C,University of Pennsylvania Libraries,34943021,33.324,kcajs_rar_ms154,,,,
0002_kcajs_rar_ms133,0002,,,A,University of Pennsylvania Libraries,6603136,6.297,kcajs_rar_ms133,,,,
0002_kcajs_rar_ms162,0002,,,B,University of Pennsylvania Libraries,6649327,6.341,kcajs_rar_ms162,,,,
0002_kcajs_rar_ms163,0002,,,C,University of Pennsylvania Libraries,3207104,3.059,kcajs_rar_ms163,,,,
0002_kcajs_rar_ms279,0002,,,A,University of Pennsylvania Libraries,39635353,37.799,kcajs_rar_ms279,,,,
0002_kcajs_rar_ms170,0002,,,B,University of Pennsylvania Libraries,11458610,10.928,kcajs_rar_ms170,,,,
0002_kcajs_rar_ms171,0002,,,C,University of Pennsylvania Libraries,5050414,4.816,kcajs_rar_ms171,,,,
0002_kcajs_rar_ms178,0002,,,A,University of Pennsylvania Libraries,3274138,3.122,kcajs_rar_ms178,,,,
0002_kcajs_rar_ms181,0002,,,B,University of Pennsylvania Libraries,14960739,14.268,kcajs_rar_ms181,,,,
0002_kcajs_rar_ms182,0002,,,C,University of Pennsylvania Libraries,2698382,2.573,kcajs_rar_ms182,,,,
0002_kcajs_rar_ms366,0002,,,A,University of Pennsylvania Libraries,8750167,8.345,kcajs_rar_ms366,,,,
0002_kcajs_rar_ms136,0002,,,B,University of Pennsylvania Libraries,13349498,12.731,kcajs_rar_ms136,,,,
0002_kcajs_rar_ms168,0002,,,C,University of Pennsylvania Libraries,19555629,18.65,kcajs_rar_ms168,,,,
0002_kcajs_rar_ms172,0002,,,A,University of Pennsylvania Libraries,15745836,15.016,kcajs_rar_ms172,,,,
0002_kcajs_rar_ms164,0002,,,B,University of Pennsylvania Libraries,36852859,35.146,kcajs_rar_ms164,,,,
0002_kcajs_rar_ms180,0002,,,C,University of Pennsylvania Libraries,20254751,19.316,kcajs_rar_ms180,,,,
0002_kcajs_rar_ms139,0002,,,A,University of Pennsylvania Libraries,24924313,23.77,kcajs_rar_ms139,,,,
0002_kcajs_rar_ms145,0002,,,B,University of Pennsylvania Libraries,25963878,24.761,kcajs_rar_ms145,,,,
0002_kcajs_rar_ms183,0002,,,C,University of Pennsylvania Libraries,41242811,39.332,kcajs_rar_ms183,,,,
0002_kcajs_rar_ms192,0002,,,A,University of Pennsylvania Libraries,3729637,3.557,kcajs_rar_ms192,,,,
0002_kcajs_rar_ms193,0002,,,B,University of Pennsylvania Libraries,5540681,5.284,kcajs_rar_ms193,,,,
0002_kcajs_rar_ms196,0002,,,C,University of Pennsylvania Libraries,23278069,22.2,kcajs_rar_ms196,,,,
0002_kcajs_rar_ms197,0002,,,A,University of Pennsylvania Libraries,10468175,9.983,kcajs_rar_ms197,,,,
0002_kcajs_rar_ms131,0002,,,B,University of Pennsylvania Libraries,33069786,31.538,kcajs_rar_ms131,,,,
0002_kcajs_rar_ms138,0002,,,C,University of Pennsylvania Libraries,23297159,22.218,kcajs_rar_ms138,,,,
0002_kcajs_rar_ms140,0002,,,A,University of Pennsylvania Libraries,78107640,74.489,kcajs_rar_ms140,,,,
0002_kcajs_rar_ms124,0002,,,B,University of Pennsylvania Libraries,52049645,49.638,kcajs_rar_ms124,,,,
0002_kcajs_rar_ms189,0002,,,C,University of Pennsylvania Libraries,28052637,26.753,kcajs_rar_ms189,,,,
0002_kcajs_rar_ms194,0002,,,A,University of Pennsylvania Libraries,26189612,24.976,kcajs_rar_ms194,,,,
0002_kcajs_rar_ms195,0002,,,B,University of Pennsylvania Libraries,59440059,56.686,kcajs_rar_ms195,,,,
0002_kcajs_rar_ms199,0002,,,C,University of Pennsylvania Libraries,5855749,5.584,kcajs_rar_ms199,,,,
0002_kcajs_rar_ms278,0002,,,A,University of Pennsylvania Libraries,67686724,64.551,kcajs_rar_ms278,,,,
0002_mscodex1920,0002,,,B,University of Pennsylvania Libraries,28034231,26.736,mscodex1920,,,,
0002_kcajs_rar_ms482,0002,,,C,University of Pennsylvania Libraries,9200775,8.775,kcajs_rar_ms482,,,,
0002_kcajs_rar_ms483,0002,,,A,University of Pennsylvania Libraries,26629811,25.396,kcajs_rar_ms483,,,,
0002_kcajs_rar_ms486,0002,,,B,University of Pennsylvania Libraries,20555282,19.603,kcajs_rar_ms486,,,,
0002_kcajs_rar_ms492,0002,,,C,University of Pennsylvania Libraries,15165854,14.463,kcajs_rar_ms492,,,,
0002_kcajs_rar_ms479,0002,,,A,University of Pennsylvania Libraries,64681207,61.685,kcajs_rar_ms479,,,,
0002_kcajs_rar_ms491,0002,,,B,University of Pennsylvania Libraries,27963593,26.668,kcajs_rar_ms491,,,,
0002_kcajs_rar_ms485,0002,,,C,University of Pennsylvania Libraries,6784580,6.47,kcajs_rar_ms485,,,,
0002_kcajs_rar_ms490,0002,,,A,University of Pennsylvania Libraries,7027779,6.702,kcajs_rar_ms490,,,,
0002_kcajs_rar_ms488,0002,,,B,University of Pennsylvania Libraries,1909662,1.821,kcajs_rar_ms488,,,,
0002_kcajs_rar_ms493,0002,,,C,University of Pennsylvania Libraries,3037047,2.896,kcajs_rar_ms493,,,,
0002_kcajs_rar_ms494,0002,,,A,University of Pennsylvania Libraries,3873199,3.694,kcajs_rar_ms494,,,,
0002_kcajs_rar_ms495,0002,,,B,University of Pennsylvania Libraries,4576805,4.365,kcajs_rar_ms495,,,,
0002_kcajs_rar_ms496,0002,,,C,University of Pennsylvania Libraries,4067022,3.879,kcajs_rar_ms496,,,,
0002_kcajs_rar_ms497,0002,,,A,University of Pennsylvania Libraries,5435228,5.183,kcajs_rar_ms497,,,,
0002_kcajs_rar_ms498,0002,,,B,University of Pennsylvania Libraries,9241526,8.813,kcajs_rar_ms498,,,,
0002_kcajs_rar_ms499,0002,,,C,University of Pennsylvania Libraries,2431016,2.318,kcajs_rar_ms499,,,,
0002_kcajs_rar_ms500,0002,,,A,University of Pennsylvania Libraries,18773266,17.904,kcajs_rar_ms500,,,,
0002_kcajs_rar_ms501,0002,,,B,University of Pennsylvania Libraries,6404835,6.108,kcajs_rar_ms501,,,,
0002_kcajs_rar_ms503,0002,,,C,University of Pennsylvania Libraries,2094735,1.998,kcajs_rar_ms503,,,,
0002_kcajs_rar_ms504,0002,,,A,University of Pennsylvania Libraries,4570329,4.359,kcajs_rar_ms504,,,,
0002_kcajs_rar_ms505,0002,,,B,University of Pennsylvania Libraries,3685589,3.515,kcajs_rar_ms505,,,,
0002_kcajs_rar_ms506,0002,,,C,University of Pennsylvania Libraries,14811880,14.126,kcajs_rar_ms506,,,,
0002_kcajs_rar_ms507,0002,,,A,University of Pennsylvania Libraries,2326252,2.218,kcajs_rar_ms507,,,,
0002_kcajs_rar_ms509,0002,,,B,University of Pennsylvania Libraries,19203596,18.314,kcajs_rar_ms509,,,,
0002_kcajs_rar_ms510,0002,,,C,University of Pennsylvania Libraries,64981961,61.972,kcajs_rar_ms510,,,,
0002_kcajs_rar_ms465,0002,,,A,University of Pennsylvania Libraries,32149,0.031,kcajs_rar_ms465,,,,
0002_kcajs_rar_ms466,0002,,,B,University of Pennsylvania Libraries,75000,0.072,kcajs_rar_ms466,,,,
0002_kcajs_rar_ms467,0002,,,C,University of Pennsylvania Libraries,97157,0.093,kcajs_rar_ms467,,,,
0002_kcajs_rar_ms468,0002,,,A,University of Pennsylvania Libraries,137312,0.131,kcajs_rar_ms468,,,,
0002_kcajs_rar_ms469,0002,,,B,University of Pennsylvania Libraries,59872,0.057,kcajs_rar_ms469,,,,
0002_kcajs_rar_ms470,0002,,,C,University of Pennsylvania Libraries,99726,0.095,kcajs_rar_ms470,,,,
0002_kcajs_rar_ms471,0002,,,A,University of Pennsylvania Libraries,251552,0.24,kcajs_rar_ms471,,,,
0002_kcajs_rar_ms472,0002,,,B,University of Pennsylvania Libraries,148884,0.142,kcajs_rar_ms472,,,,
0002_kcajs_rar_ms473,0002,,,C,University of Pennsylvania Libraries,190144,0.181,kcajs_rar_ms473,,,,
0002_kcajs_rar_ms474,0002,,,A,University of Pennsylvania Libraries,140228,0.134,kcajs_rar_ms474,,,,
0002_h012a,0002,,,B,University of Pennsylvania Libraries,44882,0.043,h012a,,,,
0002_h012b,0002,,,C,University of Pennsylvania Libraries,26062,0.025,h012b,,,,
0002_mscodex2022,0002,,,A,University of Pennsylvania Libraries,39670693,37.833,mscodex2022,,,,
0002_mscodex2025,0002,,,B,University of Pennsylvania Libraries,17660068,16.842,mscodex2025,,,,
0002_mscodex2028,0002,,,C,University of Pennsylvania Libraries,63807693,60.852,mscodex2028,,,,
0002_mscodex2030,0002,,,A,University of Pennsylvania Libraries,13878673,13.236,mscodex2030,,,,
0002_mscodex2029,0002,,,B,University of Pennsylvania Libraries,5553876,5.297,mscodex2029,,,,
0002_mscodex1865,0002,,,C,University of Pennsylvania Libraries,31115761,29.674,mscodex1865,,,,
0002_mscodex887,0002,,,A,University of Pennsylvania Libraries,60999639,58.174,mscodex887,,,,
0002_mscodex1866,0002,,,B,University of Pennsylvania Libraries,42143784,40.191,mscodex1866,,,,
0002_mscoll764_item40,0002,,,C,University of Pennsylvania Libraries,1054395,1.006,mscoll764_item40,,,,
0002_mscoll764_item16,0002,,,A,University of Pennsylvania Libraries,1225775,1.169,mscoll764_item16,,,,
0002_mscoll764_item31,0002,,,B,University of Pennsylvania Libraries,3049171,2.908,mscoll764_item31,,,,
0002_mscoll764_item49,0002,,,C,University of Pennsylvania Libraries,290356,0.277,mscoll764_item49,,,,
0002_mscoll764_item53,0002,,,A,University of Pennsylvania Libraries,341661,0.326,mscoll764_item53,,,,
0002_mscoll764_item57,0002,,,B,University of Pennsylvania Libraries,737681,0.704,mscoll764_item57,,,,
0002_mscoll764_item62,0002,,,C,University of Pennsylvania Libraries,640584,0.611,mscoll764_item62,,,,
0002_mscoll764_item93,0002,,,A,University of Pennsylvania Libraries,699083,0.667,mscoll764_item93,,,,
0002_mscoll764_item145,0002,,,B,University of Pennsylvania Libraries,340331,0.325,mscoll764_item145,,,,
0002_mscoll764_item191,0002,,,C,University of Pennsylvania Libraries,292745,0.279,mscoll764_item191,,,,
0002_mscoll790,0002,,,A,University of Pennsylvania Libraries,3522471,3.359,mscoll790,,,,
0002_kcajs_rar_ms529,0002,,,B,University of Pennsylvania Libraries,1319059,1.258,kcajs_rar_ms529,,,,
0002_mscodex1867,0002,,,C,University of Pennsylvania Libraries,10225122,9.751,mscodex1867,,,,
0002_mscoll876,0002,,,A,University of Pennsylvania Libraries,29528212,28.16,mscoll876,,,,
0002_mscoll498,0002,,,B,University of Pennsylvania Libraries,18202578,17.359,mscoll498,,,,
0002_mscoll1120_box1_f1,0002,,,C,University of Pennsylvania Libraries,6761194,6.448,mscoll1120_box1_f1,,,,
0002_mscoll1120_box1_f2,0002,,,A,University of Pennsylvania Libraries,9605006,9.16,mscoll1120_box1_f2,,,,
0002_mscoll1120_box1_f3,0002,,,B,University of Pennsylvania Libraries,7869267,7.505,mscoll1120_box1_f3,,,,
0001_ljs422,0001,,,C,"University of Pennsylvania Libraries, Lawrence J. Schoenberg Manuscripts",13377281,12.758,ljs422,,,,
0001_ljs17,0001,,,A,"University of Pennsylvania Libraries, Lawrence J. Schoenberg Manuscripts",12696495,12.108,ljs17,,,,
